name,email,company
Clementine Bauch,Nathan@yesenia.net,Romaguera-Jacobson
Glenna Reichert,Chaim_McDermott@dana.io,Yost and Sons
Nicholas Runolfsdottir V,Sherwood@rosamond.me,Abernathy Group
Chelsey Dietrich,Lucio_Hettinger@annie.ca,Keebler LLC
Leanne Graham,Sincere@april.biz,Romaguera-Crona
Patricia Lebsack,Julianne.OConner@kory.org,Robel-Corkery
Mrs. Dennis Schulist,Karley_Dach@jasper.info,Considine-Lockman
Patricia Lebsack,Julianne.OConner@kory.org,Robel-Corkery
Ervin Howell,Shanna@melissa.tv,Deckow-Crist
Mrs. Dennis Schulist,Karley_Dach@jasper.info,Considine-Lockman
